X,Y,FID,AUNumber,InstName,Category,IU,PhoneNumbe,LocationAd,LocationCi,LocationSt,LocationZi,Location_1,Title,Salutation,FirstName,MiddleInit,LastName,AdminPhone,AdminPho_1
-79.970388667443629,40.345128424632641,1,300020090,ABC Creative Play Ctr,"Other Private, Non-Licensed Entity",Allegheny IU 3, ,1 Grove Pl,Pittsburgh,PA,15236,2353, , , , , , , 
-80.064592271190563,40.400832100998763,2,300020130,ABC's for Children,"Licensed, Private Academic School",Allegheny IU 3,(412)344-4422,1630 Greentree Rd,Pittsburgh,PA,15220,0,Director,Ms,Kristen, ,Warzinski,(412)537-1413, 
-79.909877105164668,40.462299207372602,3,300020030,Abraxas Ctr Adlscnt Females,"Other Private, Non-Licensed Entity",Allegheny IU 3,(412)562-0105,437 Turrett St,Pittsburgh,PA,15206,3370, , , , , , , 
-80.018506329156139,40.453464083035954,4,300020020,Abraxas III,"Other Private, Non-Licensed Entity",Allegheny IU 3,(412)562-0105,936 W North Ave,Pittsburgh,PA,15233,1606, , , , , , , 
-80.051965518319307,40.494457218283188,5,203020115,Abundant Life International School,"Nonpublic, Non-Licensed School",Allegheny IU 3,(412)761-0333,10 N Fremont Ave,Bellevue,PA,15202,0,Principal,Pr,Gary,T,Gideon, , 
-79.966192634954879,40.400247025826893,6,300020115,Academy,"Licensed, Private Academic School",Pittsburgh-Mt Oliver IU 2,(412)885-5200,900 Agnew Rd,Pittsburgh,PA,15227,0,Director,Mr,William, ,Styche,(412)751-4250, 
-79.970234709678664,40.360258847920967,7,300020102,ACLD Learning Center,"Licensed, Private Academic School",Pittsburgh-Mt Oliver IU 2,(412)881-2253,4900 Girard Road,Pittsburgh,PA,15227,1440,Director,Ms,Donna, ,Westbrooks-Martin,(412)731-5940, 
-79.970234709678664,40.360258847920967,8,300020150,ACLD Tillotson School,Approved Private School,Allegheny IU 3,(412)881-2268,4900 Girard Rd,Pittsburgh,PA,15227,0,Director,Ms,Donna, ,Westbrooks-Martin,(412)731-5940, 
-79.976052486021189,40.480074346575194,9,303020086,Adelphoi Education at Millvale,"Licensed, Private Academic School",Allegheny IU 3,(724)543-4238,608 Farragut St,Pittsburgh,PA,15209,0,Director, ,John-Michael, ,Chmiel,(412)266-6393, 
-79.999268389917134,40.456833102461268,10,300020180,AGH Center for Children,"Nonpublic, Non-Licensed School",Pittsburgh-Mt Oliver IU 2,(412)231-0250,621 E North Ave,Pittsburgh,PA,15212,4844,Principal,Ms,Janie, ,Costello, , 
-80.052583948205296,40.491092160254169,11,300020650,Allison House,"Other Private, Non-Licensed Entity",Allegheny IU 3, ,99 S Euclid Ave,Pittsburgh,PA,15202,3812, , , , , , , 
-79.923617608189772,40.430956168887889,12,300020380,Alt Pro Asso Comm Treat #3,"Other Private, Non-Licensed Entity",Allegheny IU 3, ,2322 Murray Ave,Pittsburgh,PA,15217,2304, , , , , , , 
-79.896777907624241,40.441891488005332,13,300020390,Alt Pro Asso Comm Treat #4,"Other Private, Non-Licensed Entity",Allegheny IU 3, ,527 S Braddock Ave,Pittsburgh,PA,15221,3216, , , , , , , 
-79.9460954167224,40.467586802821671,14,300020410,Alt Pro Asso Comm Treat #5,"Other Private, Non-Licensed Entity",Allegheny IU 3, ,315 N Mathilda St,Pittsburgh,PA,15224,1013, , , , , , , 
-79.921919538977889,40.465856400970999,15,300020340,Alt Pro Asso E L B Unit U,"Other Private, Non-Licensed Entity",Allegheny IU 3, ,6017 E Liberty Blvd,Pittsburgh,PA,15206,2504, , , , , , , 
-79.873838949838841,40.458763459666294,16,300020350,Alt Pro Asso Family Dev Prog,"Other Private, Non-Licensed Entity",Allegheny IU 3, ,8620 Bricelyn Street Ext,Pittsburgh,PA,15221,1033, , , , , , , 
-80.005503766085781,40.334143870859542,17,300020360,Alt Pro Asso S Area Shelter,"Other Private, Non-Licensed Entity",Allegheny IU 3, ,770 Broughon Road,Bethel Park,PA,15102,0, , , , , , , 
-79.92742763460096,40.471676147096495,18,300020500,Alt Pro Assoc G G H,"Other Private, Non-Licensed Entity",Pittsburgh-Mt Oliver IU 2, ,5530 Stanton Ave,Pittsburgh,PA,15206,2029, , , , , , , 
-79.925240632142845,40.473150630348577,19,300020370,Alt Pro Assoc I T C,"Other Private, Non-Licensed Entity",Allegheny IU 3, ,922 N Negley Ave,Pittsburgh,PA,15206,1506, , , , , , , 
-79.935436511515917,40.46098298676641,20,300020420,Alt Pro Assoc Roup,"Other Private, Non-Licensed Entity",Allegheny IU 3, ,322 Roup Ave,Pittsburgh,PA,15232,1033, , , , , , , 
-79.883725196103157,40.288967243964983,21,300020630,Alternative Ed Program Annex,"Other Private, Non-Licensed Entity",Allegheny IU 3, ,734 Miller Ave,Clairton,PA,15025,1302, , , , , , , 
-79.967878781726327,40.597820703362416,22,203020355,Aquinas Academy,"Nonpublic, Non-Licensed School",Allegheny IU 3,(724)444-0722,2308 West Hardies Road,Gibsonia,PA,15044,0,Principal,Mrs,Leslie,M,Mitros, , 
-80.058264588634884,40.497859806144554,23,203020405,Assumption School,"Nonpublic, Non-Licensed School",Allegheny IU 3,(412)761-7887,35 N Jackson Ave,Pittsburgh,PA,15202,3008,Principal,Mrs,Mary Ann, ,Miller, , 
-79.832595484141294,40.349094369230095,24,203020455,Auberle,"Other Private, Non-Licensed Entity",Allegheny IU 3,(412)673-5800,1101 Hartman St,Mc Keesport,PA,15132,1500, , , , , , , 
-79.810534615173069,40.392472736708079,25,300020530,Auberle Girls Group Home,"Other Private, Non-Licensed Entity",Allegheny IU 3, ,201 Caldwell Ave,Wilmerding,PA,15148,1105, , , , , , , 
-79.849756612766527,40.348564562789754,26,300020520,Auberle Goal I & II Apts,"Other Private, Non-Licensed Entity",Allegheny IU 3, ,810 Evans Ave,Mc Keesport,PA,15132,2007, , , , , , , 
-79.825590362266922,40.354522427981948,27,300020550,Auberle Semi-Ind Living Prog,"Other Private, Non-Licensed Entity",Allegheny IU 3, ,1028 Lincoln Way,Mc Keesport,PA,15132,1453, , , , , , , 
-79.844543923633083,40.343809087974471,28,300020560,Auberle Semi-Ind Living Prog,"Other Private, Non-Licensed Entity",Allegheny IU 3, ,1318 Hamilton St,Mc Keesport,PA,15132,5211, , , , , , , 
-79.847366134710057,40.370746561671204,29,300020580,Auberle Shelter Group Home,"Other Private, Non-Licensed Entity",Allegheny IU 3, ,122 S 3rd St,Duquesne,PA,15110,1214, , , , , , , 
-79.812092992765031,40.378355762413143,30,300020695,Auberle Youth & Fam Comm Prog,"Other Private, Non-Licensed Entity",Allegheny IU 3, ,1305 5th Ave,East Mc Keesport,PA,15035,1603, , , , , , , 
-79.881447403614217,40.423590039681073,31,300020700,Augustana Camp Association,"Other Private, Non-Licensed Entity",Allegheny IU 3, ,7807 Saint Lawrence Ave,Pittsburgh,PA,15218,1932, , , , , , , 
-79.883825033965508,40.455308450801141,32,300020800,Auntie Sherrys Christ Child C,"Other Private, Non-Licensed Entity",Allegheny IU 3,(412)241-5228,8020 Frankstown Ave,Pittsburgh,PA,15221,1330, , , , , , , 
-80.081982758572465,40.584170268677354,33,202020555,Bellwood Kindergarten,"Nonpublic, Non-Licensed School",Allegheny IU 3,(412)366-3812,2359 W Ingomar Rd,Pittsburgh,PA,15237,1625,Principal,Ms,Linda, ,Moser, , 
-80.071434222178411,40.499354502816175,34,300021230,Better Beginnings Child DC Ctr,"Other Private, Non-Licensed Entity",Allegheny IU 3,(412)761-8850,537 Ohio River Blvd,Pittsburgh,PA,15202,2325, , , , , , , 
-80.070976728170507,40.423151366937105,35,202021005,Bishop Canevin High School,"Nonpublic, Non-Licensed School",Pittsburgh-Mt Oliver IU 2,(412)922-7400,2700 Morange Rd,Pittsburgh,PA,15205,4243,Principal,Mr,Kenneth, ,Sinagra, , 
-80.057659861650222,40.627225794179751,36,203025445,Blessed Francis Seelos Academy,"Nonpublic, Non-Licensed School",Allegheny IU 3,(724)935-1152,201 Church Rd,Wexford,PA,15090,8842,Principal,Mr,Robert, ,Reese, , 
-79.931728806808863,40.553992911283927,37,203027365,Blessed Trinity Academy,"Nonpublic, Non-Licensed School",Allegheny IU 3,(412)486-7611,2510 Middle Road,Glenshaw,PA,15116,0,Principal,Mrs,Jessica, ,Rock, , 
-79.959716383627622,40.471568279374843,38,300021330,Boys Club of Western PA,"Other Private, Non-Licensed Entity",Allegheny IU 3,(412)682-3031,4412 Butler St,Pittsburgh,PA,15201,3096, , , , , , , 
-79.888865557381507,40.575023155993087,39,300021390,Bradley Center,"Other Private, Non-Licensed Entity",Pittsburgh-Mt Oliver IU 2,(999)999-9999,3710 Saxonburg Blvd,Pittsburgh,PA,15238,0, , , , , , , 
-79.92981316204191,40.564030473493332,40,300021400,Bradley Center - Hampton,"Other Private, Non-Licensed Entity",Allegheny IU 3, ,3999 Middle Rd,Allison Park,PA,15101,0, , , , , , , 
-80.154550701009441,40.443037560619821,41,300630351,Bradley School,"Licensed, Private Academic School",Allegheny IU 3,(412)788-8219,5180 Campbells Run Road,Pittsburgh,PA,15205,0,Director,Ms,Charissa,D,Rychcik,(412)855-4817, 
-79.997091960629902,40.444085258613967,42,300020160,Brightside Academy,"Other Private, Non-Licensed Entity",Pittsburgh-Mt Oliver IU 2,(412)560-0237,935 Penn Avenue,Pittsburgh,PA,15222,0,Director,Mr,John, ,Yuhaschek,(412)697-1532,370
-79.887193647110678,40.381100609247042,43,203021595,Calvary Baptist Nursery & Kindergarten,"Nonpublic, Non-Licensed School",Allegheny IU 3,(412)461-6211,120 Anborn Dr,West Mifflin,PA,15122,0,Principal, ,Yvonne, ,Chasko, , 
-79.963280791775475,40.438237276425319,44,202021105,Campus School of Carlow University,"Nonpublic, Non-Licensed School",Pittsburgh-Mt Oliver IU 2,(412)578-6157,3333 5th Ave Tiernan Hall,Pittsburgh,PA,15213,3109,Principal, ,Tawana, ,Cook Purnell, , 
-79.943399096447649,40.4442129833919,45,203020012,Carnegie Mellon University Childrens School,"Licensed, Private Academic School",Allegheny IU 3,(412)268-2199,5000 Forbes Avenue,Pittsburgh,PA,15213,0,Director,Ms,Linda,E,Hancock,(412)268-2198, 
-79.943399096447649,40.4442129833919,46,203020012,Carnegie Mellon University Childrens School,"Nonpublic, Non-Licensed School",Allegheny IU 3,(412)268-2199,5000 Forbes Avenue,Pittsburgh,PA,15213,0,Director,Ms,Linda,E,Hancock,(412)268-2198, 
-80.184674008043132,40.521391703180662,47,300021660,Carol Leone Gymnastics and Daycare,"Licensed, Private Academic School",Allegheny IU 3,(412)262-1638,551 Thorn Run Rd,Moon Township,PA,15108,0,Director,Ms,Brenda, ,Burke,(724)457-7776, 
-79.926747454522328,40.442728589597046,48,300021560,Carriage House Childrens Ctr,"Licensed, Private Academic School",Pittsburgh-Mt Oliver IU 2,(412)421-0300,5604 Solway Street,Pittsburgh,PA,15217,0,Director,Ms,Deborah,A,Welch,(724)772-2016, 
-79.982976374142723,40.387244558067032,49,300021630,Carrick Ave Group Home,"Other Private, Non-Licensed Entity",Allegheny IU 3, ,10 Carrick Ave,Pittsburgh,PA,15210,4322, , , , , , , 
-79.958607223864846,40.467663118962662,50,300021520,Catholic Youth Assoc Pbgh,"Other Private, Non-Licensed Entity",Allegheny IU 3,(412)621-3342,286 Main St,Pittsburgh,PA,15201,2808, , , , , , , 
-79.976328033454806,40.445887297443683,51,202021205,Central Academy,"Nonpublic, Non-Licensed School",Pittsburgh-Mt Oliver IU 2,(412)566-1440,2200 Wylie Ave,Pittsburgh,PA,15219,4526,Principal,Mrs,Donna,M,Roberts, , 
-79.945691505424577,40.446779381183553,52,202021305,Central Catholic,"Nonpublic, Non-Licensed School",Pittsburgh-Mt Oliver IU 2,(412)208-3400,4720 5th Ave,Pittsburgh,PA,15213,2916,Principal,Br,Anthony, ,Baginski, , 
-80.066495862363055,40.443258947743026,53,300021670,Cheryls Day Care,"Other Private, Non-Licensed Entity",Pittsburgh-Mt Oliver IU 2,(412)921-9229,35 Ingram Ave,Pittsburgh,PA,15205,2323, , , , , , , 
-79.800327886846304,40.541832851960351,54,203020255,Cheswick Christian Academy,"Nonpublic, Non-Licensed School",Allegheny IU 3,(724)274-4846,1407 Pittsburgh St,Cheswick,PA,15024,1448,Principal,Mr,Todd,M,Rosio, , 
-79.996967687693498,40.444323118958977,55,300021760,Children & Yth Srvc Allgy Co,"Other Private, Non-Licensed Entity",Allegheny IU 3, ,933 Penn Ave,Pittsburgh,PA,15222,3815, , , , , , , 
-79.919513481439424,40.443106147806098,56,300024910,Childrens Institute of Pittsburgh,Approved Private School,Pittsburgh-Mt Oliver IU 2,(412)420-2487,1405 Shady Avenue,Pittsburgh,PA,15217,0,Director,Ms,Cynthia, ,Morelock,(412)335-5583, 
-80.101499460315509,40.429361975513636,57,300021680,Childrens Services of W PA,"Other Private, Non-Licensed Entity",Pittsburgh-Mt Oliver IU 2,(412)394-9396,1116 Pennsbury Blvd,Pittsburgh,PA,15205,1616, , , , , , , 
-79.900998805480057,40.491176724285076,58,203027965,Christ the Divine Tchr Cath Ac,"Nonpublic, Non-Licensed School",Allegheny IU 3,(412)780-7927,205 Brilliant Ave,Pittsburgh,PA,15215,3121,Principal,Mr,Mark, ,Gurich, , 
-79.828481418430641,40.446612294597386,59,300021770,Christian Church in PA,"Other Private, Non-Licensed Entity",Allegheny IU 3, ,670 Rodi Rd,Penn Hills,PA,15235,4524, , , , , , , 
-80.052042175155762,40.429721197492711,60,300029510,Circle C Youth and Family,"Other Private, Non-Licensed Entity",Allegheny IU 3, ,2121 Noblestown Rd,Pittsburgh,PA,15205,3956, , , , , , , 
-79.866532137759435,40.351569809864785,61,300021830,City of McKeesport,"Other Private, Non-Licensed Entity",Allegheny IU 3, ,201 Lysle Blvd,Mc Keesport,PA,15132,2625, , , , , , , 
-79.917801651834012,40.427353395786504,62,202021405,Community Day School,"Nonpublic, Non-Licensed School",Pittsburgh-Mt Oliver IU 2,(412)521-1100,6424 Forward Ave,Pittsburgh,PA,15217,2521,Principal, ,AVi,B,Munro, , 
-80.007027837915345,40.451917434091399,63,300020018,Community Development Institute,"Other Private, Non-Licensed Entity", ,(412)231-3700,10 Allegheny Center,Pittsburgh,PA,15212,0, , , , , , , 
-79.961226259380751,40.433440920927218,64,300021810,Community Human Services Corp,"Other Private, Non-Licensed Entity",Allegheny IU 3, ,374 Lawn St,Pittsburgh,PA,15213,4214, , , , , , , 
-79.966192634954879,40.400247025826893,65,300021610,Community Specialists Corporation DBA The Academy,"Other Private, Non-Licensed Entity",Allegheny IU 3,(412)885-5242,900 Agnew Rd,Pittsburgh,PA,15227,3902, , , , , , , 
-79.906796467645066,40.389612209220715,66,300021620,Conleys Creative Child Care,"Other Private, Non-Licensed Entity",Pittsburgh-Mt Oliver IU 2,(412)461-3388,3200 W Run Rd,Munhall,PA,15120,2812, , , , , , , 
-79.93489362635205,40.334203463649125,67,300029770,Cornerstone Christian Prep-Wilson Campus,"Nonpublic, Non-Licensed School",Allegheny IU 3,(412)466-1919,1900 Clairton Road,West Mifflin,PA,15122,0,Principal, ,Cindi, ,McCall, , 
-79.990745700015836,40.416463074104527,68,300021890,Council 3 Rvs Amr in Ctr Inc,"Other Private, Non-Licensed Entity",Allegheny IU 3,(412)488-2750,200 Charles St,Pittsburgh,PA,15238,1041, , , , , , , 
-80.083118521942367,40.432328448057909,69,300021850,Crafton Childrens Corner,"Licensed, Private Academic School",Allegheny IU 3,(412)921-2273,545 Hamilton Road,Pittsburgh,PA,15205,0,Director,Ms,Judith,F,Albenze,(412)215-0724, 
-80.041745634165224,40.424520533812526,70,300021860,Crafton Childrens Corner,"Licensed, Private Academic School",Allegheny IU 3,(412)922-2273,875 Greentree Road,Pittsburgh,PA,15220,0,Director,Ms,Maureen, ,Karas,(412)831-3913, 
-80.023529574375956,40.57216490029154,71,300022140,Dairy & Nutrition Cncl Mideast,"Other Private, Non-Licensed Entity",Allegheny IU 3,(412)367-9120,9370 McKnight Rd Ste 306,Pittsburgh,PA,15237,5953, , , , , , , 
-79.923372111199043,40.456677098943388,72,300022250,DePaul Institute,Approved Private School,Allegheny IU 3,(412)924-1012,6202 Alder St,Pittsburgh,PA,15206,0,Director,Ms,Mary Jo, ,Maynard,(412)523-6482, 
-80.069128429202081,40.420696521538432,73,300027640,Diocesan Purchasing Commission,"Other Private, Non-Licensed Entity",Allegheny IU 3,(412)922-6400,2900 Noblestown Road,Pittsburgh,PA,15205,4227, , , , , , , 
-79.905843336263999,40.542640095148798,74,303020409,Discovery School at Beechwood,"Licensed, Private Academic School",Allegheny IU 3,(412)423-5403,614 Dorseyville Rd,Pittsburgh,PA,15238,0,Director, ,Jessica, ,Handron,(412)559-6031, 
-79.85165144985659,40.421514233586983,75,202027445,East Catholic School,"Nonpublic, Non-Licensed School",Allegheny IU 3,(412)351-5403,2001 Ardmore Blvd,Pittsburgh,PA,15221,0,Principal,Sr,Judith, ,"Stojhovic, RSM", , 
-79.707638199474658,40.458073525807535,76,300022840,East Suburban YMCA,"Other Private, Non-Licensed Entity",Allegheny IU 3,(724)327-4667,2200 Route 286,Pittsburgh,PA,15239,2730, , , , , , , 
-79.90292624153345,40.40704476786312,77,300026270,East Valley Area BSA,"Other Private, Non-Licensed Entity",Allegheny IU 3, ,510 E 10th Ave,Munhall,PA,15120,1910, , , , , , , 
-79.964057514696009,40.357676751882813,78,300023260,Easter Seals of Western and Central PA,Approved Private School,Pittsburgh-Mt Oliver IU 2,(412)281-7244,41 Macek Drive,Pittsburgh,PA,15227,0,Director,Ms,Patricia, ,Braendle,(412)269-7566, 
-80.059774160757456,40.633506531135239,79,203022325,Eden Christian Acad - Wexford,"Nonpublic, Non-Licensed School",Allegheny IU 3,(724)935-9301,12121 Perry Highway -Suite 101,Wexford,PA,15090,8345,Principal,Mrs,Carrie,A,Powers, , 
-80.106023973465994,40.559427707958996,80,203020004,Eden Christian Academy,"Nonpublic, Non-Licensed School",Allegheny IU 3,(412)741-2825,318 Nicholson Road,Sewickley,PA,15143,0,Principal,Mr,Thomas,R,Aiken, , 
-80.003325571609054,40.530784737298752,81,203022345,Eden Christian Academy,"Nonpublic, Non-Licensed School",Allegheny IU 3,(412)364-8055,206 Siebert Rd,Pittsburgh,PA,15237,3786,Principal,Mrs,Kimberly,A,Highland, , 
-80.016058593381771,40.40403748904496,82,300023216,Elizabeth Seton Ctr Inc,"Other Private, Non-Licensed Entity",Allegheny IU 3, ,1900 Pioneer Ave,Pittsburgh,PA,15226,1299, , , , , , , 
-79.917916943414198,40.454274254927192,83,202028805,Ellis School,"Nonpublic, Non-Licensed School",Pittsburgh-Mt Oliver IU 2,(412)661-5992,6425 5th Ave,Pittsburgh,PA,15206,4419,Principal,Mrs,Macon, ,Finley, , 
-79.90919127198795,40.403308722644141,84,300023180,Eloise & Edith School,"Other Private, Non-Licensed Entity",Pittsburgh-Mt Oliver IU 2,(412)881-4293,108 W 12th Ave,Homestead,PA,15120,1457, , , , , , , 
-80.002363667280903,40.47758930000667,85,300022600,Ernest T Williams Mem Ctr,"Other Private, Non-Licensed Entity",Allegheny IU 3, ,101 Hazlett St,Pittsburgh,PA,15214,2499, , , , , , , 
-80.032717326607951,40.662439366564193,86,303020085,Euro Academy,"Licensed, Private Academic School",Allegheny IU 3,(724)553-8356,210 Pearce Mill Rd,Wexford,PA,15090,0,Director,Ms,Jana,B,Putos,(724)553-8356, 
-79.959650984478301,40.447073710893768,87,202028905,Falk Laboratory School,"Nonpublic, Non-Licensed School",Pittsburgh-Mt Oliver IU 2,(412)624-8020,4060 Allequippa Street,Pittsburgh,PA,15261,0,Principal, ,Jeff, ,Suzik, , 
-80.118242922639297,40.652132186031032,88,300023570,Family Development Center,"Licensed, Private Academic School",Allegheny IU 3,(724)935-6199,670 Pleasant Hill Road,Wexford,PA,15090,0,Director,Ms,Krista,L,Dignazio,(724)935-0896, 
-80.084077655866182,40.672982216463211,89,300027490,Family Resources,"Other Private, Non-Licensed Entity",Allegheny IU 3, ,1100 Freeport Rd,Mars,PA,16046,9419, , , , , , , 
-79.861140532069157,40.424983779216483,90,300023750,Forest Hills Nursery School,"Licensed, Private Academic School",Pittsburgh-Mt Oliver IU 2,(412)241-9414,1840 Ardmore Blvd,Pittsburgh,PA,15221,0,Director,Ms,Elizabeth, ,Wolf,(724)744-1061, 
-79.892231172848568,40.523276547830598,91,203022675,Fox Chapel Country Day,"Nonpublic, Non-Licensed School",Allegheny IU 3,(412)963-8644,620 Squaw Run Rd E,Pittsburgh,PA,15238,1924,Principal, ,Sharon,A,Smith, , 
-79.926747454522328,40.442728589597046,92,300024030,Friends Indeed Ncojw,"Other Private, Non-Licensed Entity",Allegheny IU 3, ,5604 Solway St,Pittsburgh,PA,15217,1267, , , , , , , 
-79.877344532708634,40.477339236568994,93,300023960,Friends United Ngb Dev,"Other Private, Non-Licensed Entity",Allegheny IU 3, ,2025 Lincoln Rd,Verona,PA,15147,1554, , , , , , , 
-80.00134898333657,40.441796193125846,94,300024260,Girl Scouts of SW PA,"Other Private, Non-Licensed Entity",Allegheny IU 3,(412)566-2570,606 Liberty Ave,Pittsburgh,PA,15222,2721, , , , , , , 
-79.957127227874693,40.529147364101895,95,300024300,Glenn Avenue Preschool Assn,"Licensed, Private Academic School",Allegheny IU 3,(412)487-5366,1520 Butler Plank Road,Glenshaw,PA,15116,0,Director,Ms,Billie,J,Powers,(412)782-3397, 
-80.059922006385236,40.616068864455045,96,303020078,Goddard School,"Licensed, Private Academic School",Allegheny IU 3,(724)935-1100,3000 Brooktree Rd,Wexford,Pa,15090,0,Director,Ms,Bridget,K,Grottenthaler,(412)629-8723, 
-79.999717563728851,40.440714513005602,97,303022410,Goddard School,"Licensed, Private Academic School",Allegheny IU 3,(412)515-1997,301 5th Ave,Pittsburgh,PA,15222,0,Director, ,Shanna, ,Litchko,(724)831-7526, 
-80.066754589741294,40.362238751419362,98,303026503,Goddard School,"Licensed, Private Academic School",Allegheny IU 3,(412)564-3600,655 Painters Run Rd,Pittsburgh,PA,15228,0,Director,Ms,Kayla, ,Dobbin,(724)554-1018, 
-80.211019469014076,40.505340247147394,99,303027114,Goddard School,"Licensed, Private Academic School",Allegheny IU 3,(412)262-1821,800 Commerce Ave,Moon Township,PA,15108,0,Director,Ms,Angela, ,Caracciolo,(412)576-3317, 
-79.738695024073508,40.44902132917732,100,202022705,Grace Non-Traditional Christian Academy,"Nonpublic, Non-Licensed School",Allegheny IU 3,(412)871-5445,301 College Park Drive,Monroeville,PA,15146,0,Principal,Mr,Ronald,L,Malamisuro, , 
-80.025908483928205,40.458307041477248,101,202020001,Greater Allen Christian Academy,"Nonpublic, Non-Licensed School",Pittsburgh-Mt Oliver IU 2,(412)322-1151,1810 Fulton Street,Pittsburgh,PA,15233,0,Principal,Ms,Barbara, ,Joy, , 
-79.738695024073508,40.44902132917732,102,203022945,Greater Works Christian School,"Nonpublic, Non-Licensed School",Allegheny IU 3,(724)327-6500,301 College Park Dr,Monroeville,PA,15146,1533,Principal, ,J.R., ,Garner, , 
-79.722272175864518,40.663744487862331,103,207652255,Harvest Baptist Academy,"Nonpublic, Non-Licensed School",Allegheny IU 3,(724)295-0607,224 Harvest Lane,Natrona Heights,PA,15065,0,Principal,Mr,Charlie,G,Rousey, , 
-80.033472029125932,40.344054781447291,104,203022975,Hillcrest Christian Academy,"Nonpublic, Non-Licensed School",Allegheny IU 3,(412)854-4040,2500 Bethel Church Rd,Bethel Park,PA,15102,2033,Principal,Mr,Alan, ,Ciechanowski, , 
-79.924973989708633,40.434955484298456,105,202023005,Hillel Academy of Pittsburgh,"Licensed, Private Academic School",Pittsburgh-Mt Oliver IU 2,(412)521-8131,5685 Beacon St,Pittsburgh,PA,15217,0,Director,Rabbi,Samuel,D,Weinberg,(412)521-4284, 
-80.010604592508471,40.529417182029952,106,202027985,Holy Cross Academy,"Nonpublic, Non-Licensed School",Allegheny IU 3,(412)364-7171,307 Siebert Rd,Pittsburgh,PA,15237,0,Principal, ,John, ,Benzing, , 
-80.099540629939568,40.510572162239747,107,203027948,Holy Family Academy,"Nonpublic, Non-Licensed School",Allegheny IU 3,(412)307-1001,8235 Ohio River Boulevard,Pittsburgh,PA,15202,0,Principal, ,Joseph, ,Oliphant, , 
-80.039544404189641,40.49565207681016,108,300024478,Holy Family Institute Specialized Learning,"Licensed, Private Academic School",Pittsburgh-Mt Oliver IU 2,(412)766-9020,100 Enger Avenue,Pittsburgh,PA,15214,0,Director,Mr,Ronald,W,Zangaro,(724)584-8073, 
-80.136329178564935,40.452315319948305,109,203023295,Holy Trinity School,"Nonpublic, Non-Licensed School",Allegheny IU 3,(412)787-2656,5720 Steubenville Pike,McKees Rocks,PA,15136,0,Principal,Mrs,Kimberly,N,Stevenson, , 
-79.903725274114052,40.376460936743072,110,203020005,Homestead Park United Methodist Church Kindergarten,"Nonpublic, Non-Licensed School",Allegheny IU 3,(412)462-7089,4231 Shady Avenue,Munhall,PA,15120,0,Principal, ,unknown, ,unknown, , 
-80.059738518301913,40.634865020882266,111,303027671,Hope Academy of Wexford,"Licensed, Private Academic School",Allegheny IU 3,(724)933-4673,12300 Perry Highway,Wexford,PA,15090,0,Director,Ms,Jennifer,L,Simpkins,(412)498-3765, 
-80.005693474104106,40.517788096933963,112,300024660,Huntington Learning Center,"Licensed, Private Academic School",Allegheny IU 3,(412)367-7787,4721 McKnight Rd,Pittsburgh,PA,15237,0,Director,Ms,Jeanne, ,Vendeland,(412)264-4174, 
-79.750692615784388,40.433919945484107,113,300024690,Huntington Learning Center,"Licensed, Private Academic School",Allegheny IU 3,(412)856-5250,4326 Northern Pike,Monroeville,PA,15146,0,Director,Ms,Denise, ,Barrett,(412)798-1169, 
-79.872411471156823,40.453084729875009,114,203023465,Imani Christian Academy,"Licensed, Private Academic School",Pittsburgh-Mt Oliver IU 2,(412)731-7982,2150 East Hills Drive,Pittsburgh,PA,15221,0,Director,Ms,Keisha, ,Montgomery,(412)224-3552, 
-79.872411471156823,40.453084729875009,115,203023465,Imani Christian Academy,"Nonpublic, Non-Licensed School",Pittsburgh-Mt Oliver IU 2,(412)731-7982,2150 East Hills Drive,Pittsburgh,PA,15221,0,Director,Ms,Keisha, ,Montgomery,(412)224-3552, 
-80.042779253697447,40.3874658270935,116,203023675,Jubilee Christian School,"Nonpublic, Non-Licensed School",Allegheny IU 3,(412)561-5917,255 Washington Road,Pittsburgh,PA,15216,0,Principal, ,Robert, ,Hart, , 
-79.892371565154434,40.436506089915596,117,300029255,Kentucky Avenue Childrens Center,"Licensed, Private Academic School",Pittsburgh-Mt Oliver IU 2,(412)361-6554,905 Mifflin Avenue,Wilkinsburg,PA,15221,0,Director,Ms,Fran, ,Weingrad,(412)731-9339, 
-79.929374662012378,40.450420836124287,118,302020005,Kentucky Avenue School,"Licensed, Private Academic School",Pittsburgh-Mt Oliver IU 2,(412)361-5332,5701 Fifth Avenue,Pittsburgh,PA,15232,0,Director,Ms,Aimee,M,DeFoe,(412)931-3418, 
-79.760235292385133,40.431931447665825,119,300022860,Kinder Care Learning Center,"Licensed, Private Academic School",Allegheny IU 3,(412)372-3140,2630 Pitcairn Rd,Monroeville,PA,15146,0,Director,Ms,Bonnie,J,Corey,(724)834-4922, 
-80.21027770672778,40.504731703659424,120,300024510,Kinder Care Learning Center,"Licensed, Private Academic School",Allegheny IU 3,(412)262-1174,700 Commerce Dr,Moon Township,PA,15108,0,Director,Ms,Shawna,N,Kushner,(717)658-6703, 
-79.78766115265671,40.477983330287721,121,300024610,Kinder Care Learning Center,"Licensed, Private Academic School",Allegheny IU 3,(412)795-8004,201 Twin Oak Dr,Pittsburgh,PA,15235,0,Director,Ms,Linda,J,Shaffer,(724)727-2937, 
-79.982285532858327,40.290227087147933,122,300025220,Kinder Care Learning Center,"Licensed, Private Academic School",Allegheny IU 3,(412)653-1800,2901 Ridge Rd,South Park,PA,15129,0,Director,Ms,Monica,T,Trinidad,(646)402-3121, 
-80.092875191616841,40.61735730609071,123,300025230,Kinder Care Learning Center,"Licensed, Private Academic School",Allegheny IU 3,(724)935-5711,106 VIP Drive,Wexford,PA,15090,0,Director,Ms,Jennifer,R,Lies,(724)888-6997, 
-80.044531269437087,40.297291687230064,124,300025240,Kinder Care Learning Center,"Licensed, Private Academic School",Allegheny IU 3,(412)831-1888,1040 Clifton Rd,Bethel Park,PA,15102,0,Director,Ms,Megan,C,Fisher,(412)576-1664, 
-80.006589162714334,40.538785439627453,125,300025260,Kinder Care Learning Center,"Licensed, Private Academic School",Pittsburgh-Mt Oliver IU 2,(412)366-1303,5000 Cheryl Dr,Pittsburgh,PA,15237,0,Director,Ms,Kate,E,Simeone,(412)366-1303, 
-79.994856064667516,40.441362967743878,126,300025890,Kinder Care Learning Center,"Licensed, Private Academic School",Pittsburgh-Mt Oliver IU 2,(412)765-3973,600 Grant St,Pittsburgh,PA,15219,2702,Director,Ms,Jennifer,L,Rees,(412)480-1017, 
-80.050893424841803,40.353487652475259,127,303020087,Kinder Care Learning Center,"Licensed, Private Academic School",Allegheny IU 3,(412)531-1953,1610 N Highland Rd,Mt Lebanon,PA,15228,0,Director,Ms,Melissa,A,Fonda,(412)997-5236, 
-79.750563622201142,40.431847797080437,128,203020081,Kumon Learning Center of Monroeville,"Nonpublic, Non-Licensed School",Allegheny IU 3,(412)372-1021,2644 Mosside Blvd.,Monroeville,PA,15146,0,Principal, ,Anita, ,Hattangady, , 
-79.945657245476255,40.510752318258653,129,203026910,Kumon Math and Reading Center of Fox Chapel,"Nonpublic, Non-Licensed School",Allegheny IU 3,(412)781-0850,880 Butler Street,Pittsburgh,PA,15223,0,Principal, ,Neelam, ,Mitra, , 
-80.183698131319076,40.538297079530707,130,300025470,Laughlin Childrens Center,"Licensed, Private Academic School",Allegheny IU 3,(412)741-4087,424 Frederick Ave,Sewickley,PA,15143,0,Director,Ms,Karen,L,Borland,(412)262-3303, 
-79.990338212524847,40.443402874790273,131,300020590,"Laurel Highlands Council, BSA","Other Private, Non-Licensed Entity",Allegheny IU 3,(724)329-8534,1275 Bedford Ave,Pittsburgh,PA,15219,3645, , , , , , , 
-79.890506434452519,40.444771468715402,132,300025412,Learning Tree,"Other Private, Non-Licensed Entity",Pittsburgh-Mt Oliver IU 2,(412)247-4900,907 West St,Pittsburgh,PA,15221,0, , , , , , , 
-79.747783731655517,40.42801375744974,133,300025414,Learning Tree,"Licensed, Private Academic School",Allegheny IU 3,(412)372-2744,2566 Haymaker Rd,Monroeville,PA,15146,0,Director,Ms,Catherine, ,Love,(724)217-4282, 
-80.043728470220501,40.372491159594652,134,203020018,Legacy Christian Academy,"Nonpublic, Non-Licensed School",Allegheny IU 3,(412)344-8968,250 Parkway Drive,Pittsburgh,PA,15228,0,Principal, ,Donnah, ,Vance, , 
-80.006146151345447,40.455851655809418,135,300025300,Light of Life Ministries Inc,"Other Private, Non-Licensed Entity",Pittsburgh-Mt Oliver IU 2,(412)321-4716,10 E North Ave,Pittsburgh,PA,15212,4721, , , , , , , 
-79.938195065276915,40.460756441680125,136,300025440,Louise Child Care Ctr,"Other Private, Non-Licensed Entity",Allegheny IU 3, ,336 S Aiken Ave,Pittsburgh,PA,15232,1019, , , , , , , 
-79.942816503951619,40.445844141603587,137,300021510,Margaret Shadick Cyert Ctr for Early Ed & Prog,"Licensed, Private Academic School",Allegheny IU 3,(412)268-2149,1060 Morewood Ave,Pittsburgh,PA,15213,3814,Director,Ms,Sandra,J,Johns,(412)369-0240, 
-79.818227516873364,40.345755599274746,138,203020013,Mary of Nazareth Catholic Elementary School,"Nonpublic, Non-Licensed School",Allegheny IU 3,(724)940-9020,1640 Fawcett Avenue,White Oak,PA,15131,0,Principal, ,Lisa, ,George, , 
-79.818227516873364,40.345755599274746,139,203025485,Mary of Nazareth Catholic School,"Nonpublic, Non-Licensed School",Allegheny IU 3,(412)672-2360,1640 Fawcett Ave,White Oak,PA,15131,0,Principal,Miss,Lynda,B,McFarland, , 
-79.910558092828722,40.405748372316559,140,300020017,Methodist Union of Social Agencies,"Other Private, Non-Licensed Entity",Allegheny IU 3,(412)461-1800,120 E 9th Ave,Homestead,PA,15120,0, , , , , , , 
-79.95240391755182,40.515428674230108,141,300026330,Montessori Centre Academy Inc,"Nonpublic, Non-Licensed School",Allegheny IU 3,(412)486-6239,1014 William Flynn Hwy,Glenshaw,PA,15116,2636,Principal,Ms,Yolanda,N,Sweenie, , 
-80.186345811414427,40.535154046959143,142,300026470,Montessori Childrens Community,"Licensed, Private Academic School",Allegheny IU 3,(412)741-8982,474 Chadwick St,Sewickley,PA,15143,0,Director,Ms,Claire (Terri),T,Modic,(412)741-2279, 
-80.093541236704453,40.37440826268886,143,300026380,Montessori Childrens Schoolhouse,"Licensed, Private Academic School",Allegheny IU 3,(412)498-4332,150 Vanadium Rd,Bridgeville,PA,15017,0,Director,Ms,Elizabeth,J,Petruccelli,(412)498-4332, 
-80.082951251144891,40.323757492685189,144,300026340,Montessori Early Childhood Center,"Licensed, Private Academic School",Allegheny IU 3,(412)835-3340,2400 Old Washington Rd,Upper St Clair,PA,15241,0,Director,Ms,Joanne, ,Misko,(412)831-2464, 
-80.241218057563529,40.546000475295294,145,303020068,Montessori School for Creative Learning,"Licensed, Private Academic School",Allegheny IU 3,(724)457-5437,1627 Brodhead Rd,Moon Twp,PA,15108,0,Director,Ms,Nancy,L,Mehalic,(412)734-2470, 
-80.023192408802061,40.375368444439388,146,203024285,Mount Lebanon Montessori School,"Nonpublic, Non-Licensed School",Allegheny IU 3,(412)563-2858,550 Sleepy Hollow Rd,Mount Lebanon,PA,15228,2645,Principal,Mrs,Megan, ,Steen, , 
-80.010863907384916,40.424370580570979,147,300026440,Mt Washington Childrens Center,"Licensed, Private Academic School",Pittsburgh-Mt Oliver IU 2,(412)381-1515,200 Southern Avenue,Pittsburgh,PA,15211,0,Director,Ms,Rose Marie, ,Smith,(412)487-5826, 
-80.058396508929292,40.39517095062471,148,303020075,Mushroom Family Learning Center,"Licensed, Private Academic School",Allegheny IU 3,(412)531-1225,1900 Cochran Road,Pittsburgh,PA,15220,0,Director,Ms,Joan, ,Harrison,(412)531-3621, 
-79.932342062398831,40.472772628651896,149,302020002,Neighborhood Academy,"Nonpublic, Non-Licensed School",Pittsburgh-Mt Oliver IU 2,(412)362-2001,709 North Aiken Ave,Pittsburgh,PA,15206,0,Principal,Ms,Josephine,B,Moore, , 
-79.966192634954879,40.400247025826893,150,303020003,New Outlook Academy,"Licensed, Private Academic School",Pittsburgh-Mt Oliver IU 2,(412)885-5200,900 Agnew Rd,Pittsburgh,PA,15227,0,Director,Mr,William, ,Styche,(412)751-4250, 
-79.783485073547041,40.450606577903869,151,303020076,New Story,"Licensed, Private Academic School",Allegheny IU 3,(412)373-2473,715 Bilberry Rd,Monroeville,PA,15146,0,Director,Ms,Denise,J,Rechtorik,(412)373-2473, 
-80.183350271301705,40.538830252015224,152,203024335,Noahs Ark Preschool/St Stephen Kindergarten,"Nonpublic, Non-Licensed School",Allegheny IU 3,(412)741-5231,405 Frederick Avenue,Sewickley,PA,15143,0,Principal,Mrs,Melissa,S,Hendricks, , 
-79.749273187803936,40.425509170407402,153,203024355,North American Martyrs School,"Nonpublic, Non-Licensed School",Allegheny IU 3,(412)373-0889,2526 Haymaker Rd,Monroeville,PA,15146,3508,Principal,Mrs,Nikole, ,Laubham, , 
-80.035583149993656,40.547945865565602,154,203028011,North Hills Kumon,"Nonpublic, Non-Licensed School",Allegheny IU 3,(847)340-7662,1130 Perry Highway,Pittsburgh,PA,15237,0,Principal, ,Vrushali, ,Chandwaskar, , 
-79.945985515932236,40.606748310815014,155,300026980,North Pittsburgh Childrens House Inc,"Licensed, Private Academic School",Allegheny IU 3,(724)444-0480,5031 Oakview Dr,Gibsonia,PA,15044,0,Director,Ms,Marla,C,Pettit,(724)360-3324, 
-80.036303917753443,40.486076386199684,156,202026125,Northside Catholic School,"Nonpublic, Non-Licensed School",Pittsburgh-Mt Oliver IU 2,(412)761-5043,3854 Brighton Rd,Pittsburgh,PA,15212,1602,Principal, ,Rosanne, ,Kwiatkowski, , 
-79.949747341440201,40.449221566485846,157,202024495,Oakland Catholic High School,"Nonpublic, Non-Licensed School",Pittsburgh-Mt Oliver IU 2,(412)682-6633,144 N Craig St,Pittsburgh,PA,15213,2701,Principal,Mrs,Marisa, ,Greco, , 
-80.006822689653916,40.567970758819833,158,300028630,Orion Child Development Center,"Licensed, Private Academic School",Allegheny IU 3,(412)366-3330,8801 Peebles Rd,Allison Park,PA,15101,0,Director,Ms,Mary,A,Hajdukiewicz,(412)374-1396, 
-79.727128958770606,40.620611109254547,159,203020605,Our Lady Most Blessed Sacramnt,"Nonpublic, Non-Licensed School",Allegheny IU 3,(724)226-2345,800 Montana Avenue,Natrona Heights,PA,15065,2026,Principal, ,Audrey, ,Bowser, , 
-80.084039842182605,40.372471380982127,160,203024545,Our Lady of Grace School,"Nonpublic, Non-Licensed School",Allegheny IU 3,(412)279-6611,1734 Bower Hill Rd,Pittsburgh,PA,15243,1545,Principal,Ms,Sharon, ,Loughran Brown, , 
-80.15452609345887,40.502379859786934,161,203024605,Our Lady Sacred Heart HS,"Nonpublic, Non-Licensed School",Allegheny IU 3,(412)264-5140,1504 Woodcrest Ave,Coraopolis,PA,15108,3054,Principal, ,Tim, ,Plocinik, , 
-79.856335035779267,40.438334985066476,162,300027200,Pace School,Approved Private School,Pittsburgh-Mt Oliver IU 2,(412)244-1900,2432 Greensburg Pike,Pittsburgh,PA,15221,0,Director,Ms,Karen,B,Shepherd,(412)260-9167, 
-79.99154966255071,40.418271122835577,163,300022270,Pittsburgh Cath Ed Program Inc,"Other Private, Non-Licensed Entity",Allegheny IU 3, ,205 Orchard Pl,Pittsburgh,PA,15210,1617, , , , , , , 
-79.903781390971531,40.448426081862188,164,202024645,Pittsburgh New Church School,"Nonpublic, Non-Licensed School",Pittsburgh-Mt Oliver IU 2,(412)731-0122,299 Le Roi Road,Pittsburgh,PA,15208,0,Principal, ,Cynthia, ,Glenn, , 
-79.882989944806027,40.441473250869699,165,202024675,Pittsburgh Urban Christian Sch,"Nonpublic, Non-Licensed School",Allegheny IU 3,(412)244-1779,809 Center St,Pittsburgh,PA,15221,2963,Principal, ,Christy, ,Wauzzinski, , 
-79.884229529168266,40.441964380778259,166,300028150,Plea Development Preschool,"Other Private, Non-Licensed Entity",Pittsburgh-Mt Oliver IU 2,(412)243-3464,733 South Ave,Pittsburgh,PA,15221,2939, , , , , , , 
-79.884229529168266,40.441964380778259,167,303020074,PLEA School,"Licensed, Private Academic School",Allegheny IU 3,(412)243-3464,733 South Ave,Pittsburgh,PA,15221,0,Director,Ms,Deborah,A,Ferraro,(412)487-5204, 
-80.023889542785028,40.463347606355086,168,300028070,Potak House,"Other Private, Non-Licensed Entity",Allegheny IU 3, ,1105 Island Ave,Pittsburgh,PA,15212,2843, , , , , , , 
-79.798348346709815,40.372640538575894,169,203021385,Praise Christian Academy,"Nonpublic, Non-Licensed School",Allegheny IU 3,(412)829-0400,245 Foster Rd,North Versailles,PA,15137,2438,Principal,Mrs,Mary Ann, ,Jacobs, , 
-80.007027837915345,40.451917434091399,170,300028120,Preschool Dev Program,"Other Private, Non-Licensed Entity",Allegheny IU 3, ,10 Allegheny Center,Pittsburgh,PA,15212,5706, , , , , , , 
-80.018938690997331,40.47134954817507,171,300028220,Pressley Ridge Day School-Pittsburgh,Approved Private School,Pittsburgh-Mt Oliver IU 2,(412)321-6995,530 Marshall Ave,Pittsburgh,PA,15214,0,Director,Ms,Michele,L,Woodward,(412)321-6995, 
-80.018938690997331,40.47134954817507,172,302020006,Pressley Ridge School for Autism,"Licensed, Private Academic School",Allegheny IU 3,(412)322-0140,530 Marshall Ave,Pittsburgh,PA,15214,0,Director,Ms,Kathleen, ,Knell,(412)322-0140, 
-80.06746557394932,40.44411158062902,173,303020022,Pressley Ridge School for the Deaf Program,Approved Private School,Allegheny IU 3,(412)321-6995,40 Vancouver Street,Pittsburgh,PA,15205,0,Director,Ms,Natalie,L,Brayer,(412)321-6995, 
-80.236937483725058,40.545558433762487,174,300025390,Pumpkin Patch Preschool Inc,"Licensed, Private Academic School",Allegheny IU 3,(724)457-2029,1555 Brodhead Road,Coraopolis,PA,15108,0,Director,Ms,Justine, ,Roberts,(412)352-6419, 
-80.060220009006002,40.383307895244045,175,300028240,R B Ward Hm Chld,"Other Private, Non-Licensed Entity",Allegheny IU 3,(412)343-5985,50 Moffett St,Pittsburgh,PA,15243,1162, , , , , , , 
-79.880078858906415,40.412190617069264,176,300028230,Rankin Christian Center,"Other Private, Non-Licensed Entity",Allegheny IU 3,(412)271-8313,230 3rd Ave,Rankin,PA,15104,1191, , , , , , , 
-79.827305366518544,40.52071777549466,177,303020084,Redeemer Lutheran School-Oakmont,"Licensed, Private Academic School",Allegheny IU 3,(412)828-9323,1261 Pennsylvania Ave,Oakmont,PA,15139,0,Director,Ms,Stephanie,L,Stubenbort,(412)824-3413, 
-79.813631006447807,40.494282045740533,178,203024715,Redeemer Lutheran School-Verona,"Licensed, Private Academic School",Allegheny IU 3,(412)828-9323,700 Idaho Avenue,Verona,PA,15147,0,Director,Ms,Stephanie,L,Stubenbort,(412)793-5884, 
-79.870179746072296,40.459751569542888,179,203020017,Renaissance Christian Academy,"Nonpublic, Non-Licensed School",Allegheny IU 3,(412)436-1011,235 Eastgate Drive,Pittsbrugh,PA,15235,0,Principal, ,Rosemary, ,Moriarty, , 
-80.175939431617465,40.500757221407973,180,227046205,Rhema Christian School,"Nonpublic, Non-Licensed School",Allegheny IU 3,(412)269-9555,1301 Coraopolis Heights Rd,Moon Township,PA,15108,2920,Principal, ,Christopher, ,Berndt, , 
-79.952995059314432,40.640069166416048,181,300028320,Richland Township,"Other Private, Non-Licensed Entity",Allegheny IU 3,(724)443-5921,4011 Dickey Rd,Gibsonia,PA,15044,9713, , , , , , , 
-79.98187667723316,40.443128926779089,182,300028340,Right Start Family Dev,"Other Private, Non-Licensed Entity",Allegheny IU 3,(412)624-6040,1835 Centre Ave,Pittsburgh,PA,15219,4305, , , , , , , 
-79.845654422783923,40.504595883838846,183,300029640,Riverview Childrens Center Inc,"Nonpublic, Non-Licensed School",Allegheny IU 3,(412)828-2585,655 Sylvan Way,Verona,PA,15147,1162,Principal,Ms,Elizabeth, ,Lisowski, , 
-80.145526083731369,40.46881304110768,184,203024755,Robinson Township Christian School,"Nonpublic, Non-Licensed School",Allegheny IU 3,(412)787-5919,77 Phillips Ln,Mc Kees Rocks,PA,15136,1021,Principal,Mr,Art, ,Broadwick, , 
-79.958504495223906,40.57869123533618,185,300028450,Royal Oak Nursery School & Kdg,"Licensed, Private Academic School",Allegheny IU 3,(412)487-1668,4413 Mt Royal Blvd,Allison Park,PA,15101,0,Director,Ms,Joanne, ,Potlas,(412)487-3245, 
-79.939027393913506,40.631945886631712,186,300028360,RYF Preschool,"Licensed, Private Academic School",Allegheny IU 3,(724)443-3796,5554 Community Center Dr,Gibsonia,PA,15044,0,Director, ,Jennifer, ,Nicotra,(412)874-8412, 
-80.097671298715383,40.511017288738152,187,300028500,Sacred Heart Cafeteria,"Other Private, Non-Licensed Entity",Pittsburgh-Mt Oliver IU 2, ,154 Orchard Ave,Pittsburgh,PA,15202,1532, , , , , , , 
-79.923666130689853,40.455696078589277,188,202024855,Sacred Heart Elementary School,"Nonpublic, Non-Licensed School",Pittsburgh-Mt Oliver IU 2,(412)441-1582,325 Emerson Street,Pittsburgh,PA,15206,0,Principal,Sr,Lynn, ,"Rettinger, SC", , 
-79.947662048933509,40.461996252646912,189,202023425,Saint Maria Goretti,"Nonpublic, Non-Licensed School",Pittsburgh-Mt Oliver IU 2,(412)621-5199,321 Edmond Street,Pittsburgh,PA,15224,0,Principal,Sr,Mary John, ,"Cook,SHS", , 
-79.922675758750358,40.458080671231478,190,300029360,Salvation Army,"Other Private, Non-Licensed Entity",Allegheny IU 3, ,250 Shady Ave,Pittsburgh,PA,15206,4316, , , , , , , 
-80.069093688655101,40.391197929328648,191,203024227,Scott Township Kumon Center,"Nonpublic, Non-Licensed School",Allegheny IU 3,(412)608-4171,2101 Greentree Road,Pittsburgh,PA,15220,0,Principal, ,Rina, ,DelSignore, , 
-80.00921331862736,40.466212653226897,192,300028700,Seabright St Group Home,"Other Private, Non-Licensed Entity",Allegheny IU 3, ,227 Seabright St,Pittsburgh,PA,15214,3617, , , , , , , 
-79.824319041324003,40.325659468273308,193,203025205,Serra Catholic High School,"Nonpublic, Non-Licensed School",Allegheny IU 3,(412)751-2020,200 Hershey Dr,McKeesport,PA,15132,7000,Principal,Mr,Timothy,J,Chirdon, , 
-80.100705847271016,40.510752415924017,194,300028520,Seton Hall,"Other Private, Non-Licensed Entity",Allegheny IU 3, ,142 Allegheny Ave,Pittsburgh,PA,15202,1402, , , , , , , 
-80.026705789048521,40.385450805248375,195,203024805,Seton Lasalle High School,"Nonpublic, Non-Licensed School",Allegheny IU 3,(412)561-3583,1000 McNeilly Rd,Pittsburgh,PA,15226,2513,Principal, ,Lauren, ,Martin, , 
-80.189571701125573,40.544883514905585,196,203025225,Sewickley Academy,"Nonpublic, Non-Licensed School",Allegheny IU 3,(412)741-2230,315 Academy Ave,Sewickley,PA,15143,1213,Principal,Mr,Kolia,J,O'Connor, , 
-80.198093457677288,40.55584139592527,197,300021470,Sewickley Care & Dev CT,"Other Private, Non-Licensed Entity",Allegheny IU 3, ,325 Church Ln,Sewickley,PA,15143,1013, , , , , , , 
-79.894661059996565,40.447326024020789,198,202025235,Shady Lane School,"Other Private, Non-Licensed Entity",Pittsburgh-Mt Oliver IU 2,(412)243-4040,100 N Braddock Ave,Pittsburgh,PA,15208,2509, , , , , , , 
-79.89728144657866,40.444004089773287,199,203025245,Shady Side Academy Junior Sch,"Nonpublic, Non-Licensed School",Pittsburgh-Mt Oliver IU 2,(412)473-4400,400 S Braddock Ave,Pittsburgh,PA,15221,3215,Principal,Ms,Ellen, ,McConnell, , 
-79.881920035132964,40.530368112029365,200,203025265,Shady Side Academy Middle Sch,"Nonpublic, Non-Licensed School",Allegheny IU 3,(412)968-3100,500 Squaw Run Rd E,Pittsburgh,PA,15238,1950,Principal,Ms,Amy,N,Nixon, , 
-79.886905120817829,40.52200468772434,201,203025255,Shady Side Academy Senior Sch,"Nonpublic, Non-Licensed School",Allegheny IU 3,(412)968-3000,423 Fox Chapel Rd,Pittsburgh,PA,15238,2247,Principal, ,Katharine, ,Vavpetic, , 
-79.993606023915362,40.434538943473626,202,300020270,Shuman Center Annex,"Other Private, Non-Licensed Entity",Pittsburgh-Mt Oliver IU 2, ,950 2nd Ave,Pittsburgh,PA,15219,3100, , , , , , , 
-79.902813430201761,40.481645788869486,203,300025050,Shuman Center Det Home,"Other Private, Non-Licensed Entity",Allegheny IU 3, ,7150 Highland Dr,Pittsburgh,PA,15206,1206, , , , , , , 
-79.885532353129889,40.440388912148705,204,203020011,Sister Thea Bowman Catholic Academy,"Nonpublic, Non-Licensed School",Allegheny IU 3,(412)242-3515,721 Rebecca Avenue,Wilkinsburg,PA,15221,0,Principal, ,April, ,Perry, , 
-79.954583357093554,40.455239735941241,205,302020000,Small Wonders at UPMC,"Licensed, Private Academic School",Pittsburgh-Mt Oliver IU 2,(412)687-3677,3875 Bigelow Blvd.,Pittsburgh,PA,15213,0,Director,Ms,Kelly,R,VanLaningham,(724)256-8820, 
-80.088723456851383,40.624378059204737,206,303022453,Solid Foundations Academy,"Licensed, Private Academic School",Allegheny IU 3,(412)913-8980,119 Neely School Rd,Wexford,PA,15090,0,Director,Ms,Beth, ,Rupert,(412)913-8980, 
-79.856383035459842,40.46330582317573,207,203020016,Solid Rock Christian Academy,"Nonpublic, Non-Licensed School",Allegheny IU 3,(412)241-5228,9905 Frankstown Road,Penn Hills,PA,15235,0,Principal, ,Monique,E,Powell, , 
-79.882912560334191,40.444299831070559,208,203020006,Sonshine Christian Center,"Nonpublic, Non-Licensed School",Allegheny IU 3,(412)731-5501,729 Wallace Ave.,Pittsburgh,PA,15221,0,Principal, ,Sandy,L,Williams, , 
-80.042363281618606,40.388179555427485,209,300020120,South Area Dev Ctr of ARC,"Other Private, Non-Licensed Entity",Allegheny IU 3, ,3319 W Liberty Ave,Pittsburgh,PA,15216,2201, , , , , , , 
-80.113679946323273,40.35915272914621,210,303020034,Southwood School,"Licensed, Private Academic School",Allegheny IU 3,(724)257-2290,311 Station St,Bridgeville,Pa,15017,0,Director,Mr,Ryan,P,Bistarkey,(412)206-2020, 
-80.082074028303651,40.644843426226252,211,300028670,Spina Bifida Assoc of W PA,"Other Private, Non-Licensed Entity",Allegheny IU 3, ,134 Shenot Rd,Wexford,PA,15090,7455, , , , , , , 
-79.878093292870986,40.368786663125256,212,203025345,St Agnes School,"Nonpublic, Non-Licensed School",Allegheny IU 3,(412)466-6238,653 Saint Agnes Lane,West Mifflin,PA,15122,2924,Principal,Sr,Cynthia, ,Wessel, , 
-80.043931175962683,40.595786937876625,213,203025385,St Alexis School,"Nonpublic, Non-Licensed School",Allegheny IU 3,(724)935-3940,10090 Old Perry Hwy,Wexford,PA,15090,9318,Principal,Mr,James, ,Correll, , 
-80.04285547215602,40.553190246912877,214,202025205,St Ann School,"Other Private, Non-Licensed Entity",Allegheny IU 3, ,400 Lincoln Ave,Pittsburgh,PA,15237,1951, , , , , , , 
-80.029517677584579,40.361303307102418,215,203025525,St Anne School,"Nonpublic, Non-Licensed School",Allegheny IU 3,(412)561-7720,4040 Willow Ave,Pittsburgh,PA,15234,1322,Principal,Ms,Harmony, ,Stewart, , 
-80.070976728170507,40.423151366937105,216,202025455,St Anthony School Programs at Bishop Canevin HS,"Nonpublic, Non-Licensed School",Pittsburgh-Mt Oliver IU 2,(724)940-9020,2700 Morange Road,Pittsburgh,PA,15205,0,Principal,Mrs,Lisa,M,George, , 
-79.824319041324003,40.325659468273308,217,202025475,St Anthony School Programs at Serra Catholic HS,"Nonpublic, Non-Licensed School",Allegheny IU 3,(724)940-9020,200 Hershey Dr,McKeesport,PA,15132,0,Principal,Mrs,Lisa,M,George, , 
-79.931728806808863,40.553992911283927,218,203020014,St Anthony School Programs at St Mary,"Nonpublic, Non-Licensed School",Allegheny IU 3,(724)940-9020,2510 Middle Road,Glenshaw,PA,15116,0,Principal, ,Lisa, ,George, , 
-80.050108358368917,40.343661206841716,219,203025575,St Anthony School Programs at St Thomas More,"Nonpublic, Non-Licensed School",Allegheny IU 3,(724)940-9020,St Thomas More,Pittsburgh,PA,15241,0,Principal,Mrs,Lisa,M,George, , 
-79.900533428755537,40.388048135487928,220,203020015,St Anthony School Programs at St. Therese,"Nonpublic, Non-Licensed School",Allegheny IU 3,(724)940-9020,3 St. Therese Court,Munhall,PA,15120,0,Principal, ,Lisa, ,George, , 
-80.10071599104721,40.510936127015896,221,300028710,St Anthonys Hall,"Other Private, Non-Licensed Entity",Allegheny IU 3, ,146 Allegheny Ave,Pittsburgh,PA,15202,1402, , , , , , , 
-79.910018354463318,40.447326298836195,222,202025745,St Bede School,"Nonpublic, Non-Licensed School",Pittsburgh-Mt Oliver IU 2,(412)661-9425,6920 Edgerton Ave,Pittsburgh,PA,15208,2823,Principal,Mrs,Rebecca, ,Page, , 
-79.971214650381057,40.449476571763547,223,202027885,St Benedict the Moor,"Nonpublic, Non-Licensed School",Pittsburgh-Mt Oliver IU 2,(412)682-3755,631 Watt Street,Pittsburgh,PA,15219,0,Principal, ,Lauren, ,Rudy, , 
-79.771869023286797,40.441264614689281,224,203025785,St Bernadette School,"Nonpublic, Non-Licensed School",Allegheny IU 3,(412)372-7255,245 Azalea Dr,Monroeville,PA,15146,1729,Principal,Sr,Carol, ,"Arch, CSJ", , 
-80.043699242634418,40.386940959938471,225,203025805,St Bernard School,"Nonpublic, Non-Licensed School",Allegheny IU 3,(412)341-5444,401 Washington Rd,Pittsburgh,PA,15216,1621,Principal,Sr,Daniela, ,Bronka, , 
-79.969542823653569,40.532661492108943,226,203025825,St Bonaventure School,"Nonpublic, Non-Licensed School",Allegheny IU 3,(412)486-2606,2001 Mount Royal Blvd,Glenshaw,PA,15116,2020,Principal,Mrs,Jacqueline,B,Easley, , 
-79.924715454569863,40.437562479274938,227,202026165,St Edmunds Academy,"Nonpublic, Non-Licensed School",Pittsburgh-Mt Oliver IU 2,(412)521-1907,5705 Darlington Rd,Pittsburgh,PA,15217,1511,Principal,Dr,William,L,Kindler, , 
-79.970388667443629,40.345128424632641,228,203026195,St Elizabeth Elementary School,"Nonpublic, Non-Licensed School",Allegheny IU 3,(412)881-2958,1 Grove Pl,Pittsburgh,PA,15236,0,Principal,Mrs,Linda,C,Bechtol, , 
-79.970388667443629,40.345128424632641,229,202026225,St Elizabeth HS,"Other Private, Non-Licensed Entity",Allegheny IU 3, ,1 Grove Place,Pittsburgh,PA,15236,0, , , , , , , 
-80.005706400861044,40.356408127365548,230,202026345,St Gabriel School,"Nonpublic, Non-Licensed School",Allegheny IU 3,(412)882-3353,5200 Greenridge Dr,Pittsburgh,PA,15236,0,Principal, ,Donald, ,Militzer, , 
-80.184233970996146,40.537421911062523,231,203026565,St James School,"Nonpublic, Non-Licensed School",Allegheny IU 3,(412)741-5540,201 Broad St,Sewickley,PA,15143,1524,Principal,Sr,Christine, ,"Hill, CSJ", , 
-80.028988188098239,40.395627369183849,232,202027805,St John Bosco Academy Inc,"Nonpublic, Non-Licensed School",Pittsburgh-Mt Oliver IU 2,(412)563-0858,2690 Waddington Ave,Pittsburgh,PA,15226,1759,Principal,Mrs,Janet,S,Rakoczy, , 
-79.776604219219195,40.487602015377696,233,203026685,St John the Baptist School,"Nonpublic, Non-Licensed School",Allegheny IU 3,(412)793-0555,418 Unity Center Rd,Pittsburgh,PA,15239,1320,Principal, ,Phillip, ,Quattrone, , 
-79.727128958770606,40.620611109254547,234,203026785,St Joseph High School,"Nonpublic, Non-Licensed School",Allegheny IU 3,(724)224-5552,800 Montana Ave,Natrona Heights,PA,15065,2026,Principal,Mrs,Beverly,K,Kaniecki, , 
-79.835614463994744,40.506651304803519,235,203026945,St Joseph School,"Nonpublic, Non-Licensed School",Allegheny IU 3,(412)828-7213,825 2nd Avenue,Verona,PA,15147,0,Principal,Sr,Jean, ,"Uzupis, CSJ", , 
-80.07223941630356,40.316940155925195,236,202027085,St Louise De Marillac School,"Nonpublic, Non-Licensed School",Allegheny IU 3,(412)835-0600,310 McMurray Rd,Pittsburgh,PA,15241,1616,Principal,Mr,Kenneth, ,Klase, , 
-80.104176332962666,40.4803645714819,237,203027105,St Malachy School,"Nonpublic, Non-Licensed School",Allegheny IU 3,(412)771-4545,343 Forest Grove Rd,Coraopolis,PA,15108,3761,Principal,Mrs,Catherine, ,Militzer, , 
-80.100708680557418,40.510833629774723,238,300028740,St Mary Hall,"Other Private, Non-Licensed Entity",Allegheny IU 3, ,144 Allegheny Ave,Pittsburgh,PA,15202,1402, , , , , , , 
-80.041449481175619,40.485293203700785,239,300029150,St Matthew Brighton Hts Campus,"Other Private, Non-Licensed Entity",Pittsburgh-Mt Oliver IU 2, ,3830 California Ave,Pittsburgh,PA,15212,1634, , , , , , , 
-80.068283595118388,40.437225961872016,240,203027745,St Philip Grade School,"Nonpublic, Non-Licensed School",Allegheny IU 3,(412)928-2742,52 W Crafton Ave,Pittsburgh,PA,15205,2825,Principal,Sr,Geri, ,"Marr, SC", , 
-79.928381471159511,40.477918641447168,241,202027825,St Raphael Elementary School,"Nonpublic, Non-Licensed School",Pittsburgh-Mt Oliver IU 2,(412)661-0288,1154 Chislett St,Pittsburgh,PA,15206,1304,Principal, ,Kristen, ,Schwalm, , 
-79.943749451984885,40.425589499937281,242,202027945,St Rosalia Academy,"Nonpublic, Non-Licensed School",Pittsburgh-Mt Oliver IU 2,(412)521-3005,411 Greenfield Ave,Pittsburgh,PA,15207,1049,Principal, ,Sean, ,Davis, , 
-79.976927596923204,40.371470563291034,243,203028025,St Sylvester School,"Nonpublic, Non-Licensed School",Allegheny IU 3,(412)882-8593,30 West Willock Road,Pittsburgh,PA,15227,0,Principal,Sr,Barbara Anne, ,"Quinn, R.S.M", , 
-80.037952320011598,40.53920364076437,244,203028065,St Teresa of Avila School,"Nonpublic, Non-Licensed School",Allegheny IU 3,(412)367-9001,800 Avila Court,Pittsburgh,PA,15237,0,Principal,Sr,Karen, ,Brink, , 
-79.900533428755537,40.388048135487928,245,203028045,St Therese School,"Nonpublic, Non-Licensed School",Allegheny IU 3,(412)462-8163,3 Saint Therese CT,Munhall,PA,15120,3701,Principal,Mr,Jonathan, ,Cuniak, , 
-80.051348091851494,40.342212014426131,246,203028105,St Thomas More School,"Nonpublic, Non-Licensed School",Allegheny IU 3,(412)833-1412,134 Fort Couch Rd,Pittsburgh,PA,15241,1032,Principal, ,Joseph, ,Rosi, , 
-80.009817521894206,40.632579478183885,247,303023402,STEM Steps,"Licensed, Private Academic School",Allegheny IU 3,(724)935-4005,3281 Wexford Rd,Gibsonia,PA,15044,0,Director, ,Heather, ,Tetmyer,(724)272-6738, 
-80.011428970156516,40.658032459796608,248,300028940,Stepping Stones Childrens Ctr,"Other Private, Non-Licensed Entity",Allegheny IU 3,(724)625-2199,712 Warrendale Rd,Gibsonia,PA,15044,6145,Executive Director,Mrs,Beth, ,Sarver,(724)625-2199,225
-80.072790259642503,40.375187925212948,249,203028255,Temple Emanuel Nur Sch,"Other Private, Non-Licensed Entity",Allegheny IU 3,(412)279-7687,1250 Bower Hill Rd,Pittsburgh,PA,15243,1304, , , , , , , 
-80.055221559982968,40.612610193319767,250,303020039,Tender Care Learning Center,"Licensed, Private Academic School",Allegheny IU 3,(724)934-0411,10 N Meadows Dr,Wexford,PA,15090,0,Director,Ms,Debra,L,Romanelli,(412)635-8071, 
-80.037604539045972,40.405716372773412,251,300028525,Therapeutic Learning Center,"Licensed, Private Academic School",Pittsburgh-Mt Oliver IU 2,(412)942-0405,2644 Banksville Rd,Pittsburgh,PA,15216,0,Director, ,Heidi, ,Gardner,(412)977-5934, 
-79.941775005296037,40.407147992001548,252,203028117,Three Rivers Village School,"Nonpublic, Non-Licensed School",Pittsburgh-Mt Oliver IU 2,(412)408-3388,134 E Elizabeth St,Pittsburgh,PA,15207,0,Principal, ,Maggie, ,Bogdonich, , 
-80.051609698330211,40.381429180871208,253,300028540,Three Rivers Yh Academy House,"Other Private, Non-Licensed Entity",Allegheny IU 3, ,253 Academy Ave,Pittsburgh,PA,15228,1249, , , , , , , 
-80.036880162753704,40.486131922206731,254,300028550,Three Rivers Yh Brighton House,"Other Private, Non-Licensed Entity",Allegheny IU 3, ,3867 Brighton Rd,Pittsburgh,PA,15212,1601, , , , , , , 
-79.888282958597244,40.441808882162398,255,300028530,Three Rivers Yh Humphrey House,"Other Private, Non-Licensed Entity",Allegheny IU 3, ,508 Franklin Ave,Wilkinsburg,PA,15221,2804, , , , , , , 
-80.046798772622751,40.483100469697682,256,300028580,Three Rivers Yh Int Treat Unit,"Other Private, Non-Licensed Entity",Allegheny IU 3, ,2051 Termon Ave,Pittsburgh,PA,15212,1700, , , , , , , 
-80.042353306725687,40.365793640394273,257,300028560,Three Rivers Yh Mt Lebanon Hse,"Other Private, Non-Licensed Entity",Allegheny IU 3, ,124 Mount Lebanon Blvd,Pittsburgh,PA,15228,1822, , , , , , , 
-79.951695386642839,40.449319292657918,258,300028590,Three Rivers Yh Youth Center,"Other Private, Non-Licensed Entity",Allegheny IU 3, ,200 N Dithridge St,Pittsburgh,PA,15213,1405, , , , , , , 
-80.046258052398727,40.482893459786062,259,300029390,Three Rivers Youth,"Other Private, Non-Licensed Entity",Allegheny IU 3,(412)766-2215,2039 Termon Ave,Pittsburgh,PA,15212,1799, , , , , , , 
-79.924053602817992,40.475688672341626,260,300029420,Tolatr Academy,"Licensed, Private Academic School",Pittsburgh-Mt Oliver IU 2,(412)361-7733,1112 N Negley Ave,Pittsburgh,PA,15206,0,Director,Dr,Carole,L,Taylor,(412)661-2415, 
-80.060355661800429,40.631723437564204,261,303020001,Total Learning Centers,"Licensed, Private Academic School",Allegheny IU 3,(724)940-1090,12045 Perry Highway,Wexford,PA,15090,0,Director,Mr,Joe,M,Utay,(724)272-2580, 
-80.023608549764162,40.455802191879712,262,300028830,Training Wheels,"Licensed, Private Academic School",Pittsburgh-Mt Oliver IU 2,(412)322-0585,1214 Liverpool St,Pittsburgh,PA,15233,0,Director,Ms,Deborah, ,Robinson,(412)322-0585, 
-79.856159819383109,40.427012936315023,263,203021355,Trinity Christian School,"Nonpublic, Non-Licensed School",Allegheny IU 3,(412)242-8886,299 Ridge Avenue,Pittsburgh,PA,15221,0,Principal,Mr,Kennedy,S,Henriquez, , 
-79.97040963861393,40.442087822268917,264,300029540,Univ Health Ctr Matilda Theiss,"Other Private, Non-Licensed Entity",Allegheny IU 3, ,373 Burrows St,Pittsburgh,PA,15213,2261, , , , , , , 
-79.880907490975645,40.425629423954241,265,202023515,Universal Academy of Pittsburgh,"Nonpublic, Non-Licensed School",Allegheny IU 3,(412)241-2124,2103 Hampton Street,Pittsburgh,PA,15218,0,Principal,Dr,Admed, ,Abdelwahab, , 
-79.945101457809983,40.448240667658183,266,300029613,University of Pittsburgh,"Other Private, Non-Licensed Entity",Allegheny IU 3,(412)383-2100,635 Clyde St,Pittsburgh,PA,15213,2901, , , , , , , 
-79.93027014311177,40.451470430119016,267,300028890,University School,"Licensed, Private Academic School",Pittsburgh-Mt Oliver IU 2,(412)361-7182,5711 Howe St,Pittsburgh,PA,15232,0,Director,Ms,Nicole, ,Jarock,(412)600-3775, 
-79.792095020405142,40.543767212383379,268,300026700,Valley Special Needs,"Other Private, Non-Licensed Entity",Allegheny IU 3, ,425 Bechman St,Springdale,PA,15144,1101, , , , , , , 
-79.721696921706027,40.613274983154298,269,300026710,Valley Special Needs,"Other Private, Non-Licensed Entity",Allegheny IU 3, ,26 Chestnut St,Natrona,PA,15065,2640, , , , , , , 
-80.02104318050165,40.556922961116499,270,202029605,Vincentian Academy,"Nonpublic, Non-Licensed School",Allegheny IU 3,(412)364-1616,8100 McKnight Road,Pittsburgh,PA,15237,0,Principal,Mrs,Rita, ,Canton, , 
-79.843978551841033,40.371684580329806,271,203020009,Virtuous Academy,"Nonpublic, Non-Licensed School",Allegheny IU 3,(412)896-6701,One Library Place,Duquesne,PA,15110,0,Principal, ,Iyana, ,Tennon, , 
-79.942295150506794,40.464011920217366,272,300028690,Waldorf School of Pittsburgh,"Licensed, Private Academic School",Pittsburgh-Mt Oliver IU 2,(412)441-5792,201 S Winebiddle St,Pittsburgh,PA,15224,0,Director,Ms,Robyn,L,Thomas,(412)732-2952, 
-79.908656945073801,40.355117123392255,273,203029635,Walnut Grove Christian School,"Nonpublic, Non-Licensed School",Allegheny IU 3,(412)469-3280,44 Adams Ave,West Mifflin,PA,15122,2777,Principal,Ms,Connie, ,Williamson, , 
-80.204910684333569,40.573588194775184,274,300022370,Watson Institute Education Center,Approved Private School,Allegheny IU 3,(412)741-1800,301 Camp Meeting Rd,Sewickley,PA,15143,0,Director,Ms,Michele, ,Trettel,(412)341-3256, 
-80.129818131893458,40.352041800437199,275,303028175,Watson Institute Education Center South,Approved Private School,Allegheny IU 3,(412)741-1800,230 Hickory Grade Rd,Bridgeville,PA,15017,0,Director,Ms,Michele,E,Trettel,(412)341-3256, 
-79.9318866174481,40.461220025909832,276,300029270,Watson Institute Friendship Academy (The),Approved Private School,Pittsburgh-Mt Oliver IU 2,(412)365-3800,255 S Negley Avenue,Pittsburgh,PA,15206,0,Director,Ms,Lauri,L,Kragness,(724)744-3108, 
-79.93176422558389,40.495363469396864,277,303020014,Watson Institute LEAP Preschool,"Licensed, Private Academic School",Allegheny IU 3,(412)781-1708,200 Linden St,Pittsburgh,PA,15215,0,Director,Ms,Marilyn,J,Hoyson,(412)343-1604, 
-79.93176422558389,40.495363469396864,278,302020013,Watson Institute Social Center for Academic Achievement,"Licensed, Private Academic School",Allegheny IU 3,(412)361-2801,200 Linden Ave.,Pittsburgh,PA,15215,2322,Director,Ms,Marcia,K,Laus,(412)370-0575, 
-80.030221361184289,40.302195369109626,279,300028750,Wesley - Penn Residence,"Other Private, Non-Licensed Entity",Allegheny IU 3, ,6027 Library Rd,Bethel Park,PA,15102,4011, , , , , , , 
-80.132319763889939,40.351433177209557,280,300028760,Wesley - Ridge View Itu,"Other Private, Non-Licensed Entity",Allegheny IU 3,(412)221-6853,344 Hickory Grade Rd,Bridgeville,PA,15017,1232, , , , , , , 
-80.049780307101884,40.380757452284278,281,300029690,Wesley Life Skills A Prog,"Other Private, Non-Licensed Entity",Allegheny IU 3, ,265 Mabrick Ave,Pittsburgh,PA,15228,1366, , , , , , , 
-80.005264616590836,40.366203513200389,282,300029330,Wesley Spectrum High School,Approved Private School,Allegheny IU 3,(412)885-7017,5250 Caste Dr,Pittsburgh,PA,15236,0,Director,Ms,Amy,K,Townsend,(412)821-3904, 
-80.080270792423121,40.319717417096953,283,300029680,Wesley Spectrum K-9 School,Approved Private School,Allegheny IU 3,(412)833-6444,243 Johnston Rd,Pittsburgh,PA,15241,0,Director,Ms,Amy, ,Townsend,(412)831-9390, 
-80.080270792423121,40.319717417096953,284,203029235,Wesley Spectrum Services,"Other Private, Non-Licensed Entity",Allegheny IU 3,(412)831-9390,243 Johnston Road,Pittsburgh,PA,15241,2534, , , , , , , 
-79.973205716800976,40.561049331010814,285,203024075,Western PA Montessori School Inc,"Licensed, Private Academic School",Allegheny IU 3,(412)487-2700,2379 Wyland Ave,Allison Park,PA,15101,0,Director,Ms,Jamie,L,Campbell,(412)487-2700, 
-79.953793605906469,40.449216696511598,286,300029830,Western PA School for Blind,Approved Private School,Pittsburgh-Mt Oliver IU 2,(412)621-0100,201 N Bellefield Ave,Pittsburgh,PA,15213,1458,Principal, ,Carol, ,Wooten, , 
-79.881833651338624,40.434712176885924,287,300029840,Western PA School for Deaf,Approved Private School,Pittsburgh-Mt Oliver IU 2,(412)371-7000,300 E Swissvale Ave,Pittsburgh,PA,15218,1469,Principal,Ms,Barbara,J,Manning, , 
-79.959902119295748,40.44372174822103,288,300029810,Western Psych Institute & Clinic,"Licensed, Private Academic School",Pittsburgh-Mt Oliver IU 2,(412)246-5171,3811 Ohara Street,Pittsburgh,PA,15213,0,Director,Mr,William,C,Davies,(412)341-1130, 
-80.065554767508473,40.33997580774011,289,303020089,Westminster Nursery School,"Licensed, Private Academic School",Allegheny IU 3,(412)835-2906,2040 Washington Rd,Pittsburgh,PA,15241,0,Director,Ms,Tracy,L,Edwards,(716)628-3192, 
-79.922675758750358,40.458080671231478,290,300029560,Whales Tale,"Other Private, Non-Licensed Entity",Allegheny IU 3, ,250 Shady Ave,Pittsburgh,PA,15206,4338, , , , , , , 
-79.876814425181379,40.439365723303901,291,300026610,Whales Tale Ad Skill Adv P Ctr,"Other Private, Non-Licensed Entity",Allegheny IU 3, ,1141 South Ave,Pittsburgh,PA,15221,3005, , , , , , , 
-79.993144752491688,40.420412428452764,292,300026620,Whales Tale Family Treatment C,"Other Private, Non-Licensed Entity",Allegheny IU 3, ,844 Proctor Way,Pittsburgh,PA,15210,1673, , , , , , , 
-79.964661933558503,40.462045154987749,293,300026630,Whales Tale Lawrenceville Ctr,"Other Private, Non-Licensed Entity",Allegheny IU 3, ,3501 Liberty Ave,Pittsburgh,PA,15201,1324, , , , , , , 
-79.972668873705729,40.481294470419826,294,300026640,Whales Tale Millvale Center,"Other Private, Non-Licensed Entity",Allegheny IU 3, ,413 Evergreen Ave,Pittsburgh,PA,15209,2164, , , , , , , 
-79.930930526118161,40.451506847737967,295,300026650,Whales Tale Negley Center,"Other Private, Non-Licensed Entity",Allegheny IU 3, ,814 S Negley Ave,Pittsburgh,PA,15232,2508, , , , , , , 
-79.757518808525518,40.465961672629156,296,300026660,Whales Tale Plum Center,"Other Private, Non-Licensed Entity",Allegheny IU 3, ,720 Center Rd,Pittsburgh,PA,15239,2234, , , , , , , 
-79.861926603756842,40.348597294650062,297,300026550,Whales Tale Teen Parent,"Other Private, Non-Licensed Entity",Allegheny IU 3, ,416 Olive St,Mc Keesport,PA,15132,3112, , , , , , , 
-79.927563237988039,40.573224998088286,298,203028815,Winchester Thurston North,"Nonpublic, Non-Licensed School",Allegheny IU 3,(412)486-8341,4225 Middle Road,Allison Park,PA,15101,0,Principal, ,Gary, ,Niels, , 
-79.942471142149046,40.451500482260847,299,202029805,Winchester Thurston School,"Nonpublic, Non-Licensed School",Pittsburgh-Mt Oliver IU 2,(412)578-7500,555 Morewood Ave,Pittsburgh,PA,15213,2810,Principal,Mr,Gary, ,Niels, , 
-79.957207491447008,40.463434060239571,300,300026690,Woolslair Gifted Center,"Other Private, Non-Licensed Entity",Pittsburgh-Mt Oliver IU 2, ,501 40th St,Pittsburgh,PA,15224,1458, , , , , , , 
-79.917288632060092,40.438414427545155,301,202029905,Yeshiva Achei Tmimim Schools,"Nonpublic, Non-Licensed School",Pittsburgh-Mt Oliver IU 2,(412)422-7300,6401 Forbes Avenue,Pittsburgh,PA,15217,0,Principal,Mr,Yisroel, ,Rosenfeld, , 
-79.927866553245394,40.432389117147196,302,202029925,Yeshiva Achei Tmimim Schools,"Nonpublic, Non-Licensed School",Pittsburgh-Mt Oliver IU 2,(412)422-7300,2100 Wightman St,Pittsburgh,PA,15217,2014,Principal,Rabbi,Yisroel, ,Rosenfeld, , 
-79.824641534714388,40.469654947159306,303,300029960,YMCA of Pittsburgh East Comm,"Other Private, Non-Licensed Entity",Allegheny IU 3,(412)795-2600,11817 Frankstown Rd,Pittsburgh,PA,15235,3409, , , , , , , 
-80.075541024111672,40.574759258737821,304,300028780,Youngworld,"Licensed, Private Academic School",Allegheny IU 3,(412)367-2212,2281 Rochester Rd,Pittsburgh,PA,15237,0,Director,Ms,Janet,M,Evankovich,(724)452-9418, 
-79.885161215068564,40.455493002703413,305,300029998,Yvonnes Child Care,"Other Private, Non-Licensed Entity",Allegheny IU 3, ,7921 Frankstown Ave,Pittsburgh,PA,15221,1327, , , , , , , 
-80.001711465231807,40.439076499930238,306,300029890,YWCA Greater Pittsburgh,"Other Private, Non-Licensed Entity",Allegheny IU 3,(412)255-1293,305 Wood Street,Pittsburgh,PA,15222,1914, , , , , , , 
